{
  "TranslationProperties": {
    "Name": "server.items.Ancient_Energy.name"
  },
  "Categories": [],
  "Icon": "Icons/ItemsGenerated/Ancient_Energy.png",
  "Recipe": {
    "Input": [
      {
        "ItemId": "Ingredient_Bar_Iron",
        "Quantity": 2
      },
      {
        "ItemId": "Ingredient_Crystal_Cyan",
        "Quantity": 5
      }
    ],
    "BenchRequirement": [
      {
        "Id": "Fieldcraft",
        "Type": "Crafting",
        "Categories": [
          "Tools"
        ]
      },
      {
        "Id": "Workbench",
        "Type": "Crafting",
        "Categories": [
          "Workbench_Tools"
        ]
      }
    ],
    "TimeSeconds": 1
  },
  "BlockType": {
    "Material": "Solid",
    "DrawType": "Model",
    "Opacity": "Transparent",
    "CustomModelTexture": [
      {
        "Weight": 1,
        "Texture": "Items/Ancient_Energy.png"
      }
    ],
    "HitboxType": "Plant_Full",
    "Light": {
      "Radius": 0,
      "Color": "#0df"
    },
    "Flags": {},
    "Gathering": {
      "Soft": {}
    },
    "BlockParticleSetId": "Dust",
    "BlockSoundSetId": "Wood",
    "CustomModel": "Items/Ancient_Energy.blockymodel",
    "InteractionHint": "server.interactionHints.turnoff",
    "CustomModelScale": 0.8
  },
  "PlayerAnimationsId": "Block",
  "Tags": {
    "Type": [
      "Deco"
    ]
  },
  "ItemSoundSetId": "ISS_Blocks_Wood",
  "IconProperties": {
    "Scale": 0.58823,
    "Rotation": [
      22.5,
      45,
      22.5
    ],
    "Translation": [
      0,
      -13.5
    ]
  }
}
