{
  "TranslationProperties": {
    "Name": "server.items.Weapon_Electric_Fists.name"
  },
  "DroppedItemAnimation": "Items/Animations/Dropped/Dropped_Diagonal_Left.blockyanim",
  "Model": "Items/Ancient_Energy.blockymodel",
  "Texture": "Items/Ancient_Energy.png",
  "Icon": "Icons/ItemsGenerated/Weapon_Electric_Fists.png",
  "PlayerAnimationsId": "Daggers",
  "Reticle": "DefaultMelee",
  "Light": {
    "Radius": 1,
    "Color": "#0df"
  },
  "Scale": 1.5,
  "Quality": "Epic",
  "ItemLevel": 15,
  "Categories": [
    "Items.Weapons"
  ],
  "IconProperties": {
    "Scale": 0.9,
    "Rotation": [
      45,
      90,
      0
    ],
    "Translation": [
      -6,
      -8
    ]
  },
  "Utility": {
    "Compatible": true
  },
  "Interactions": {
    "Primary": "Root_Weapon_Electric_Fists",
    "Secondary": "Root_Weapon_Sword_Secondary_Guard",
    "Ability1": "Root_Weapon_Sword_Signature_Vortexstrike"
  },
  "Tags": {
    "Type": [
      "Weapon"
    ],
    "Family": [
      "Sword"
    ]
  },
  "Weapon": {
    "EntityStatsToClear": [
      "SignatureEnergy"
    ],
    "StatModifiers": {
      "SignatureEnergy": [
        {
          "Amount": 20,
          "CalculationType": "Additive"
        }
      ]
    },
    "RenderDualWielded": true
  },
  "ItemAppearanceConditions": {
    "SignatureEnergy": [
      {
        "Condition": [
          100,
          100
        ],
        "ConditionValueType": "Percent",
        "Particles": [
          {
            "SystemId": "Sword_Signature_Ready",
            "TargetNodeName": "Handle",
            "PositionOffset": {
              "X": 0.8
            },
            "TargetEntityPart": "PrimaryItem"
          },
          {
            "SystemId": "Sword_Signature_Status_Spawn",
            "TargetNodeName": "Handle",
            "PositionOffset": {
              "X": 0.5
            },
            "TargetEntityPart": "PrimaryItem"
          },
          {
            "SystemId": "Sword_Signature_Status",
            "TargetNodeName": "Handle",
            "PositionOffset": {
              "X": 0.55
            },
            "TargetEntityPart": "PrimaryItem",
            "Scale": 1.3
          }
        ],
        "FirstPersonParticles": [
          {
            "SystemId": "Sword_Signature_Ready",
            "TargetNodeName": "Handle",
            "PositionOffset": {
              "X": 0.8
            },
            "TargetEntityPart": "PrimaryItem"
          },
          {
            "SystemId": "Sword_Signature_Status_Spawn",
            "TargetNodeName": "Handle",
            "TargetEntityPart": "PrimaryItem",
            "PositionOffset": {
              "Y": -100
            }
          },
          {
            "SystemId": "Sword_Signature_Status",
            "TargetNodeName": "Handle",
            "PositionOffset": {
              "X": 0.5
            },
            "TargetEntityPart": "PrimaryItem"
          }
        ],
        "ModelVFXId": "Sword_Signature_Status"
      }
    ]
  },
  "ItemSoundSetId": "ISS_Weapons_Blade_Large",
  "MaxDurability": 80,
  "DurabilityLossOnHit": 0.21,
  "Particles": [
    {
      "SystemId": "Electric_Effects",
      "Color": "#00e4ff",
      "Scale": 0.25
    }
  ]
}
