{
  "Type": "Variant",
  "Reference": "Template_Scarak_Awakened",
  "Modify": {
    "DropList": "Drop_Scarak_Awakened",
    "Appearance": "Scarak_Awakened",
    "MaxHealth": 200,
    "IsMemory": true,
    "MemoriesCategory": "Scarak",
    "MemoriesNameOverride": "Scarak_Seeker",
    "NameTranslationKey": {
      "Compute": "NameTranslationKey"
    }
  },
  "Parameters": {
    "NameTranslationKey": {
      "Value": "server.npcRoles.Scarak_Seeker.name",
      "Description": "Translation key for NPC name display"
    }
  }
}
