{
  "Type": "Variant",
  "Reference": "Template_Golem_Custom",
  "Modify": {
    "MaxHealth": 400,
    "ViewSector": 150,
    "DropList": "Drop_Golem_Awakened",
    "Appearance": "Golem_Awakened_Machine",
    "Weapons": [],
    "OffHand": [],
    "MaxSpeed": 5,
    "ViewRange": 10,
    "WakingIdleBehaviorComponent": "Component_Instruction_Stationary_Idle",
    "Attack": "Root_NPC_Golem_Awakened_Attack",
    "AttackDistance": 2.5,
    "BlockProbability": 0,
    "DesiredAttackDistanceRange": [
      2,
      2.4
    ],
    "CombatAttackPostDelay": [
      0.1,
      1
    ],
    "CombatRelativeTurnSpeed": 0.25,
    "LeashDistance": 200,
    "HardLeashDistance": 200,
    "AttitudeGroup": "Golem",
    "IsMemory": true,
    "MemoriesCategory": "Elemental",
    "NameTranslationKey": {
      "Compute": "NameTranslationKey"
    }
  },
  "Parameters": {
    "NameTranslationKey": {
      "Value": "server.npcRoles.Golem_Crystal_Thunder.name",
      "Description": "Translation key for NPC name display"
    }
  }
}
