{
  "Model": "NPC/Flying_Beast/Scarak_Seeker/Models/Model.blockymodel",
  "Texture": "NPC/Flying_Beast/Scarak_Awakened/Model_Default.png",
  "EyeHeight": 1.4,
  "CrouchOffset": -0.4,
  "HitBox": {
    "Max": {
      "X": 0.7,
      "Y": 1.8,
      "Z": 0.7
    },
    "Min": {
      "X": -0.7,
      "Y": 0,
      "Z": -0.7
    }
  },
  "DefaultAttachments": [],
  "Camera": {
    "Pitch": {
      "AngleRange": {
        "Max": 30,
        "Min": -45
      },
      "TargetNodes": [
        "Head"
      ]
    },
    "Yaw": {
      "TargetNodes": [
        "Head"
      ],
      "AngleRange": {
        "Min": -45,
        "Max": 45
      }
    }
  },
  "AnimationSets": {
    "Idle": {
      "Animations": [
        {
          "Animation": "NPC/Flying_Beast/Scarak_Seeker/Animations/Default/Idle.blockyanim"
        }
      ]
    },
    "Walk": {
      "Animations": [
        {
          "Animation": "NPC/Flying_Beast/Scarak_Seeker/Animations/Default/Walk.blockyanim"
        }
      ]
    },
    "WalkBackward": {
      "Animations": [
        {
          "Animation": "NPC/Flying_Beast/Scarak_Seeker/Animations/Default/Walk_Backward.blockyanim"
        }
      ]
    },
    "Run": {
      "Animations": [
        {
          "Animation": "NPC/Flying_Beast/Scarak_Seeker/Animations/Default/Run.blockyanim"
        }
      ]
    },
    "RunBackward": {
      "Animations": [
        {
          "Animation": "NPC/Flying_Beast/Scarak_Seeker/Animations/Default/Run_Backward.blockyanim"
        }
      ]
    },
    "Sprint": {
      "Animations": [
        {
          "Animation": "NPC/Flying_Beast/Scarak_Seeker/Animations/Default/Sprint.blockyanim"
        }
      ]
    },
    "Crouch": {
      "Animations": [
        {
          "Animation": "NPC/Flying_Beast/Scarak_Seeker/Animations/Default/Crouch.blockyanim",
          "BlendingDuration": 0.1
        }
      ]
    },
    "CrouchWalk": {
      "Animations": [
        {
          "Animation": "NPC/Flying_Beast/Scarak_Seeker/Animations/Default/Crouch_Walk.blockyanim",
          "BlendingDuration": 0.1
        }
      ]
    },
    "CrouchWalkBackward": {
      "Animations": [
        {
          "Animation": "NPC/Flying_Beast/Scarak_Seeker/Animations/Default/Crouch_Walk_Backward.blockyanim",
          "BlendingDuration": 0.1
        }
      ]
    },
    "StepWalk": {
      "Animations": [
        {
          "Animation": "NPC/Flying_Beast/Scarak_Seeker/Animations/Default/Step_Walk.blockyanim",
          "BlendingDuration": 0.1,
          "Looping": false
        }
      ]
    },
    "StepRun": {
      "Animations": [
        {
          "Animation": "NPC/Flying_Beast/Scarak_Seeker/Animations/Default/Step_Run.blockyanim",
          "BlendingDuration": 0.1,
          "Looping": false
        }
      ]
    },
    "StepSprint": {
      "Animations": [
        {
          "Animation": "NPC/Flying_Beast/Scarak_Seeker/Animations/Default/Step_Sprint.blockyanim",
          "BlendingDuration": 0.1,
          "Looping": false
        }
      ]
    },
    "Jump": {
      "Animations": [
        {
          "Animation": "NPC/Flying_Beast/Scarak_Seeker/Animations/Default/Jump.blockyanim"
        }
      ]
    },
    "JumpWalk": {
      "Animations": [
        {
          "Animation": "NPC/Flying_Beast/Scarak_Seeker/Animations/Default/Jump.blockyanim"
        }
      ]
    },
    "JumpRun": {
      "Animations": [
        {
          "Animation": "NPC/Flying_Beast/Scarak_Seeker/Animations/Default/Jump.blockyanim"
        }
      ]
    },
    "JumpSprint": {
      "Animations": [
        {
          "Animation": "NPC/Flying_Beast/Scarak_Seeker/Animations/Default/Jump.blockyanim"
        }
      ]
    },
    "Fall": {
      "Animations": [
        {
          "Animation": "NPC/Flying_Beast/Scarak_Seeker/Animations/Default/Fall.blockyanim",
          "BlendingDuration": 0.4
        }
      ]
    },
    "Alerted": {
      "Animations": [
        {
          "Animation": "NPC/Flying_Beast/Scarak_Seeker/Animations/Default/Alerted.blockyanim",
          "Looping": false,
          "SoundEventId": "SFX_Scarak_Seeker_Alerted"
        }
      ]
    },
    "FlyIdle": {
      "Animations": [
        {
          "Animation": "NPC/Flying_Beast/Scarak_Seeker/Animations/Fly/Fly_Idle.blockyanim"
        }
      ]
    },
    "Fly": {
      "Animations": [
        {
          "Animation": "NPC/Flying_Beast/Scarak_Seeker/Animations/Fly/Fly.blockyanim"
        }
      ]
    },
    "FlyBackward": {
      "Animations": [
        {
          "Animation": "NPC/Flying_Beast/Scarak_Seeker/Animations/Fly/Fly_Backward.blockyanim"
        }
      ]
    },
    "FlyFast": {
      "Animations": [
        {
          "Animation": "NPC/Flying_Beast/Scarak_Seeker/Animations/Fly/Fly_Fast.blockyanim"
        }
      ]
    },
    "SwimIdle": {
      "Animations": [
        {
          "Animation": "NPC/Flying_Beast/Scarak_Seeker/Animations/Swim/Swim_Idle.blockyanim"
        }
      ]
    },
    "Swim": {
      "Animations": [
        {
          "Animation": "NPC/Flying_Beast/Scarak_Seeker/Animations/Swim/Swim.blockyanim"
        }
      ]
    },
    "SwimBackward": {
      "Animations": [
        {
          "Animation": "NPC/Flying_Beast/Scarak_Seeker/Animations/Swim/Swim_Backward.blockyanim"
        }
      ]
    },
    "SwimFast": {
      "Animations": [
        {
          "Animation": "NPC/Flying_Beast/Scarak_Seeker/Animations/Swim/Swim_Fast.blockyanim"
        }
      ]
    },
    "SwimJump": {
      "Animations": [
        {
          "Animation": "NPC/Flying_Beast/Scarak_Seeker/Animations/Default/Jump.blockyanim"
        }
      ]
    },
    "SwimFloat": {
      "Animations": [
        {
          "Animation": "NPC/Flying_Beast/Scarak_Seeker/Animations/Swim/Swim_Float.blockyanim"
        }
      ]
    },
    "SwimSink": {
      "Animations": [
        {
          "Animation": "NPC/Flying_Beast/Scarak_Seeker/Animations/Swim/Swim_Sink.blockyanim"
        }
      ]
    },
    "SwimDive": {
      "Animations": [
        {
          "Animation": "NPC/Flying_Beast/Scarak_Seeker/Animations/Swim/Swim.blockyanim"
        }
      ]
    },
    "SwimDiveBackward": {
      "Animations": [
        {
          "Animation": "NPC/Flying_Beast/Scarak_Seeker/Animations/Swim/Swim_Backward.blockyanim"
        }
      ]
    },
    "SwimDiveFast": {
      "Animations": [
        {
          "Animation": "NPC/Flying_Beast/Scarak_Seeker/Animations/Swim/Swim_Fast.blockyanim"
        }
      ]
    },
    "Hurt": {
      "Animations": [
        {
          "Animation": "NPC/Flying_Beast/Scarak_Seeker/Animations/Damage/Hurt.blockyanim",
          "BlendingDuration": 0.1,
          "Looping": false,
          "SoundEventId": "SFX_Scarak_Seeker_Hurt"
        },
        {
          "Animation": "NPC/Flying_Beast/Scarak_Seeker/Animations/Damage/Hurt2.blockyanim",
          "BlendingDuration": 0.1,
          "Looping": false,
          "SoundEventId": "SFX_Scarak_Seeker_Hurt"
        }
      ]
    },
    "Death": {
      "Animations": [
        {
          "Animation": "NPC/Flying_Beast/Scarak_Seeker/Animations/Damage/Death.blockyanim",
          "Looping": false,
          "SoundEventId": "SFX_Scarak_Seeker_Death"
        }
      ]
    },
    "Laydown": {
      "Animations": [
        {
          "Animation": "NPC/Flying_Beast/Scarak_Seeker/Animations/Default/Laydown.blockyanim",
          "Looping": false
        }
      ]
    },
    "Sleep": {
      "Animations": [
        {
          "Animation": "NPC/Flying_Beast/Scarak_Seeker/Animations/Default/Sleep.blockyanim"
        }
      ]
    },
    "Wake": {
      "Animations": [
        {
          "Animation": "NPC/Flying_Beast/Scarak_Seeker/Animations/Default/Wake.blockyanim",
          "Looping": false
        }
      ]
    },
    "Spawn": {
      "Animations": [
        {
          "Animation": "NPC/Flying_Beast/Scarak_Seeker/Animations/Default/Spawn.blockyanim",
          "BlendingDuration": 0,
          "Looping": false
        },
        {
          "Animation": "NPC/Flying_Beast/Scarak_Seeker/Animations/Default/Spawn2.blockyanim",
          "BlendingDuration": 0,
          "Looping": false
        }
      ]
    }
  }
}
