{
  "Model": "Items/Projectiles/Acid.blockymodel",
  "Texture": "Items/Projectiles/Electric_Texture.png",
  "HitBox": {
    "Max": {
      "X": 0.1,
      "Y": 0.1,
      "Z": 0.1
    },
    "Min": {
      "X": -0.1,
      "Y": -0.1,
      "Z": -0.1
    }
  },
  "MinScale": 1,
  "MaxScale": 1,
  "Trails": [
    {
      "FixedRotation": false,
      "PositionOffset": {
        "X": 0,
        "Y": 0,
        "Z": 0
      },
      "RotationOffset": {
        "Pitch": 0,
        "Roll": 0,
        "Yaw": 1
      },
      "TargetNodeName": "Fireball",
      "TrailId": "Acid"
    },
    {
      "PositionOffset": {
        "X": 0,
        "Y": 0,
        "Z": 0
      },
      "RotationOffset": {
        "Pitch": 0,
        "Roll": 0,
        "Yaw": 91
      },
      "TrailId": "Acid"
    }
  ]
}
