{
  "Type": "Chaining",
  "ChainingAllowance": 2,
  "ChainId": "Fist_Swings",
  "Next": [
    {
      "Type": "Replace",
      "DefaultOk": true,
      "Var": "Swing_Left",
      "DefaultValue": {
        "Interactions": [
          "Weapon_Electric_Fists_Primary_Swing_Left"
        ]
      }
    },
    {
      "Type": "Replace",
      "DefaultOk": true,
      "Var": "Swing_Right",
      "DefaultValue": {
        "Interactions": [
          "Weapon_Electric_Fists_Primary_Swing_Right"
        ]
      }
    }
  ]
}
