{
  "Type": "Selector",
  "RunTime": 0.05,
  "Effects": {
    "Trails": [
      {
        "PositionOffset": {
          "X": 1.3,
          "Y": 0,
          "Z": 0
        },
        "TargetNodeName": "Handle",
        "TrailId": "Medium_Sword_Basic",
        "RotationOffset": {
          "Roll": 90.0
        }
      },
      {
        "PositionOffset": {
          "X": 1.7,
          "Y": 0,
          "Z": 0
        },
        "TargetNodeName": "Handle",
        "TrailId": "Sword_Distortion",
        "RotationOffset": {
          "Roll": 90.0
        }
      }
    ],
    "CameraEffect": "Sword_Swing_Diagonal_Right"
  },
  "Selector": {
    "Id": "Horizontal",
    "Direction": "ToLeft",
    "TestLineOfSight": true,
    "ExtendTop": 0.5,
    "ExtendBottom": 0.5,
    "StartDistance": 0.1,
    "EndDistance": 2.75,
    "Length": 90,
    "RollOffset": 30,
    "YawStartOffset": -60
  },
  "HitBlock": {
    "Interactions": [
      {
        "Type": "Replace",
        "Var": "Swing_Right_Hit_Block",
        "DefaultOk": true,
        "DefaultValue": {
          "Interactions": [
            "Block_Break_Adventure"
          ]
        }
      }
    ]
  },
  "HitEntity": {
    "Interactions": [
      {
        "Type": "Replace",
        "Var": "Swing_Right_Damage",
        "DefaultOk": true,
        "DefaultValue": {
          "Interactions": [
            "Weapon_Electric_Fists_Primary_Swing_Right_Damage"
          ]
        }
      },
      {
        "Type": "ApplyEffect",
        "EffectId": "Electric_Debuff",
        "Entity": "Target",
        "RunTime": 0.1
      },
      {
        "Type": "EffectCondition",
        "Entity": "Target",
        "EntityEffectIds": [
          "Electric_Debuff"
        ],
        "Next": {
          "Type": "ChangeStat",
          "Entity": "Owner",
          "StatModifiers": {
            "Health": 1
          }
        },
        "RunTime": 0.1,
        "CancelOnItemChange": true
      }
    ]
  },
  "Next": {
    "Type": "Simple",
    "$Comment": "Pad the interaction length",
    "RunTime": 0.167
  }
}
