{
  "Model": "Scarak_Seeker_Spitball_Electric",
  "Physics": {
    "Type": "Standard",
    "Gravity": 5,
    "TerminalVelocityAir": 150,
    "TerminalVelocityWater": 15,
    "RotationMode": "Velocity",
    "Bounciness": 0.0,
    "SticksVertically": true
  },
  "LaunchForce": 150,
  "SpawnOffset": {
    "X": 0,
    "Y": 0,
    "Z": 0.5
  },
  "Interactions": {
    "ProjectileHit": {
      "Cooldown": {
        "Cooldown": 0
      },
      "Interactions": [
        {
          "Type": "DamageEntity",
          "Entity": "Target",
          "DamageCalculator": {
            "Type": "Absolute",
            "BaseDamage": {
              "Poison": 5
            },
            "RandomPercentageModifier": 0.1
          },
          "DamageEffects": {
            "WorldSoundEventId": "SFX_Scarak_Seeker_Spitball_Death",
            "WorldParticles": [
              {
                "SystemId": "Electric_Effects",
                "Scale": 1,
                "Color": "#00c0ff",
                "Duration": 2
              }
            ]
          },
          "Next": {
            "Type": "ApplyEffect",
            "Entity": "Target",
            "EffectId": "Electric_Debuff"
          }
        },
        {
          "Type": "RemoveEntity",
          "Entity": "User"
        }
      ]
    },
    "ProjectileMiss": {
      "Cooldown": {
        "Cooldown": 0
      },
      "Interactions": [
        {
          "Type": "Simple",
          "RunTime": 0,
          "Effects": {
            "WorldSoundEventId": "SFX_Scarak_Seeker_Spitball_Death",
            "WorldParticles": [
              {
                "SystemId": "Electric_Effects",
                "Scale": 1,
                "Color": "#00c0ff",
                "Duration": 2
              }
            ]
          }
        },
        {
          "Type": "RemoveEntity",
          "Entity": "User"
        }
      ]
    }
  }
}
