{
  "Container": {
    "Type": "Multiple",
    "Containers": [
      {
        "Type": "Choice",
        "Weight": 100,
        "Containers": [
          {
            "Type": "Single",
            "Item": {
              "ItemId": "Weapon_Electric_Fists",
              "QuantityMin": 1,
              "QuantityMax": 1
            }
          }
        ]
      },
      {
        "Type": "Choice",
        "Weight": 100,
        "Containers": [
          {
            "Type": "Single",
            "Item": {
              "ItemId": "Ingredient_Crystal_Cyan",
              "QuantityMin": 15,
              "QuantityMax": 15
            }
          }
        ]
      }
    ]
  }
}
