{
  "Type": "Simple",
  "Effects": {
    "ItemPlayerAnimationsId": "Golem_Awakened_Default",
    "ItemAnimationId": "SwingRight"
  },
  "$Comment": "Prepare Delay",
  "RunTime": 0.733,
  "Next": {
    "Type": "Parallel",
    "$Comment": "Make sure this parallel interaction is needed and can't be optimized away",
    "Interactions": [
      {
        "Interactions": [
          {
            "Type": "Selector",
            "$Comment": "Length of Combat",
            "RunTime": 0.217,
            "Selector": {
              "Id": "Horizontal",
              "Direction": "ToLeft",
              "TestLineOfSight": true,
              "ExtendTop": 0,
              "ExtendBottom": 2,
              "StartDistance": 1,
              "EndDistance": 3.25,
              "Length": 150,
              "RollOffset": 15,
              "YawStartOffset": -120
            },
            "HitEntity": {
              "Interactions": [
                {
                  "Type": "Replace",
                  "DefaultValue": {
                    "Interactions": [
                      "NPC_Attack_Melee_Damage"
                    ]
                  },
                  "Var": "Melee_Damage"
                },
                {
                  "Type": "ApplyEffect",
                  "Entity": "Target",
                  "EffectId": "Electric_Debuff"
                }
              ]
            },
            "Next": {
              "Type": "Simple",
              "$Comment": "Pad the interaction length",
              "RunTime": 0.55
            }
          }
        ]
      },
      {
        "Interactions": [
          {
            "Type": "Simple",
            "$Comment": "Length of Effect",
            "RunTime": 0.183,
            "Effects": {
              "WorldSoundEventId": "SFX_Golem_Earth_Swing"
            }
          }
        ]
      }
    ]
  }
}
