{
  "Type": "Simple",
  "Effects": {
    "ItemPlayerAnimationsId": "Golem_Awakened_Default",
    "ItemAnimationId": "Alerted",
    "WorldSoundEventId": "SFX_Golem_Earth_Alerted",
    "ClearAnimationOnFinish": true
  },
  "RunTime": 1.2,
  "Next": {
    "Type": "Repeat",
    "Repeat": 5,
    "ForkInteractions": {
      "Interactions": [
        {
          "Type": "Selector",
          "Selector": {
            "Id": "AOECircle",
            "Range": 3
          },
          "HitEntity": {
            "Interactions": [
              {
                "Type": "ApplyEffect",
                "EffectId": "Electric_Debuff",
                "Entity": "Target"
              }
            ]
          },
          "RunTime": 0.2,
          "HorizontalSpeedMultiplier": 0,
          "Effects": {}
        }
      ]
    },
    "HorizontalSpeedMultiplier": 0
  },
  "HorizontalSpeedMultiplier": 0
}
