{
  "Type": "Simple",
  "Effects": {
    "ItemPlayerAnimationsId": "Golem_Awakened_Default",
    "ItemAnimationId": "Spin"
  },
  "$Comment": "Prepare Delay",
  "RunTime": 0.717,
  "Next": {
    "Type": "Parallel",
    "$Comment": "Make sure this parallel interaction is needed and can't be optimized away",
    "Interactions": [
      {
        "Interactions": [
          {
            "Type": "Selector",
            "$Comment": "Length of Combat",
            "RunTime": 0.25,
            "Selector": {
              "Id": "Horizontal",
              "Direction": "ToLeft",
              "TestLineOfSight": true,
              "ExtendTop": 0,
              "ExtendBottom": 2,
              "StartDistance": 0.5,
              "EndDistance": 3.25,
              "Length": 360,
              "RollOffset": 0,
              "YawStartOffset": -90
            },
            "Next": {
              "Type": "Selector",
              "$Comment": "Length of Combat",
              "RunTime": 0.25,
              "Selector": {
                "Id": "Horizontal",
                "Direction": "ToLeft",
                "TestLineOfSight": true,
                "ExtendTop": 0,
                "ExtendBottom": 2,
                "StartDistance": 0.5,
                "EndDistance": 3.25,
                "Length": 360,
                "RollOffset": 0,
                "YawStartOffset": -90
              },
              "HitEntity": {
                "Interactions": [
                  {
                    "Type": "Replace",
                    "DefaultValue": {
                      "Interactions": [
                        "NPC_Attack_Melee_Damage"
                      ]
                    },
                    "Var": "Melee_Damage"
                  }
                ]
              }
            },
            "HitEntity": {
              "Interactions": [
                {
                  "Type": "Replace",
                  "DefaultValue": {
                    "Interactions": [
                      "NPC_Attack_Melee_Damage"
                    ]
                  },
                  "Var": "Melee_Damage"
                },
                {
                  "Type": "ApplyEffect",
                  "Entity": "Target",
                  "EffectId": "Electric_Debuff"
                }
              ]
            }
          }
        ]
      },
      {
        "Interactions": [
          {
            "Type": "Simple",
            "$Comment": "Length of Effect",
            "RunTime": 0.617,
            "Effects": {
              "WorldSoundEventId": "SFX_Golem_Earth_Swing"
            }
          }
        ]
      }
    ]
  }
}
