{
  "Type": "Simple",
  "Effects": {
    "ItemPlayerAnimationsId": "Golem_Awakened_Default",
    "ItemAnimationId": "Stomp"
  },
  "$Comment": "Prepare Delay",
  "RunTime": 0.5,
  "Next": {
    "Type": "Parallel",
    "$Comment": "Make sure this parallel interaction is needed and can't be optimized away",
    "Interactions": [
      {
        "Interactions": [
          {
            "Type": "Selector",
            "$Comment": "Length of Combat",
            "RunTime": 0.167,
            "Selector": {
              "Id": "AOECircle",
              "Range": 4
            },
            "HitEntity": {
              "Interactions": [
                {
                  "Type": "Replace",
                  "DefaultValue": {
                    "Interactions": [
                      "NPC_Attack_Melee_Damage"
                    ]
                  },
                  "Var": "Melee_Damage"
                },
                {
                  "Type": "ApplyEffect",
                  "Entity": "Target",
                  "EffectId": "Electric_Debuff"
                }
              ]
            },
            "Next": {
              "Type": "Simple",
              "$Comment": "Pad the interaction length",
              "RunTime": 0.166
            }
          }
        ]
      },
      {
        "Interactions": [
          {
            "Type": "Simple",
            "$Comment": "Length of Effect",
            "RunTime": 0.25,
            "Effects": {
              "WorldSoundEventId": "SFX_Golem_Earth_Stomp"
            }
          }
        ]
      }
    ]
  }
}
