{
  "ApplicationEffects": {
    "EntityBottomTint": "#100600",
    "EntityTopTint": "#02c4cf",
    "HorizontalSpeedMultiplier": 0.75,
    "ScreenEffect": "ScreenEffects/Electric.png",
    "LocalSoundEventId": "SFX_Effect_Electric_Local",
    "Particles": [
      {
        "SystemId": "Electric_Effects",
        "Color": "#00f2ff"
      }
    ],
    "ModelVFXId": "Freeze"
  },
  "DamageCalculatorCooldown": 0.1,
  "DamageCalculator": {
    "BaseDamage": {
      "Fire": 1
    }
  },
  "DamageEffects": {
    "PlayerSoundEventId": "SFX_Effect_Electric_Local"
  },
  "OverlapBehavior": "Overwrite",
  "Infinite": false,
  "Debuff": true,
  "StatusEffectIcon": "UI/StatusEffects/Burn.png",
  "Duration": 2
}
